date,weekend,total,busrate,subwayrate,bus,subway,temperature,rain,wind_speed,humidity
2021-01-01,주말,60440,68.5,31.5,41401,19039,-4.2,0.0,2.0,64.0
2021-01-02,주말,89097,69.6,30.4,62012,27085,-5.0,0.0,2.6,38.5
2021-01-03,주말,71162,69.2,30.8,49244,21918,-5.6,0.0,2.0,45.0
2021-01-04,평일,157028,71.3,28.7,111961,45067,-3.5,0.0,1.7,51.4
2021-01-05,평일,158523,70.9,29.1,112393,46130,-5.5,0.0,2.9,52.8
2021-01-06,평일,190591,70.5,29.5,134367,56224,-7.4,2.3,2.4,54.6
2021-01-07,평일,179286,70.8,29.2,126934,52352,-14.5,0.0,4.1,49.9
2021-01-08,평일,171098,70.8,29.2,121137,49961,-14.9,0.0,3.3,44.0
2021-01-09,주말,112808,70.0,30.0,78966,33842,-12.2,0.0,2.6,46.3
2021-01-10,주말,78574,69.5,30.5,54609,23965,-7.7,0.0,1.3,54.4
2021-01-11,평일,162543,71.2,28.8,115731,46812,-6.7,0.0,1.9,62.1
2021-01-12,평일,190723,70.8,29.2,135032,55691,-3.9,2.6,1.8,79.5
2021-01-13,평일,174493,71.3,28.7,124414,50079,2.0,0.0,2.4,80.3
2021-01-14,평일,170664,70.9,29.1,121001,49663,1.7,0.0,2.3,46.5
2021-01-15,평일,176560,71.2,28.8,125711,50849,4.5,0.2,3.0,67.4
2021-01-16,주말,121204,70.2,29.8,85085,36119,-4.9,0.0,3.3,59.3
2021-01-17,주말,87086,69.3,30.7,60351,26735,-5.5,0.0,2.3,58.5
2021-01-18,평일,175404,70.9,29.1,124361,51043,-3.8,0.3,3.2,64.3
2021-01-19,평일,173883,71.0,29.0,123457,50426,-6.3,0.0,1.8,37.9
2021-01-20,평일,181413,71.3,28.7,129347,52066,-0.1,0.0,2.2,37.8
2021-01-21,평일,178875,71.2,28.8,127359,51516,4.5,9.2,2.3,64.4
2021-01-22,평일,188761,71.2,28.8,134398,54363,5.5,0.1,1.7,92.9
2021-01-23,주말,134810,70.6,29.4,95176,39634,7.6,0.0,4.2,66.0
2021-01-24,주말,99580,69.9,30.1,69606,29974,7.3,0.0,2.1,63.9
2021-01-25,평일,181435,71.5,28.5,129726,51709,7.9,0.0,1.9,62.0
2021-01-26,평일,180422,71.0,29.0,128100,52322,5.3,1.7,1.9,80.4
2021-01-27,평일,187114,71.3,28.7,133412,53702,1.7,0.0,2.2,47.6
2021-01-28,평일,181702,71.0,29.0,129008,52694,-2.6,2.0,4.0,52.3
2021-01-29,평일,186756,70.8,29.2,132223,54533,-8.8,0.0,3.5,40.0
2021-01-30,주말,136549,70.7,29.3,96540,40009,-1.6,0.5,2.5,60.0
2021-01-31,주말,100371,70.2,29.8,70460,29911,3.2,0.0,2.0,57.0
2021-02-01,평일,184579,71.6,28.4,132159,52420,5.0,0.7,2.7,74.5
2021-02-02,평일,184981,71.3,28.7,131891,53090,-5.6,0.0,3.9,44.1
2021-02-03,평일,197945,71.4,28.6,141333,56612,-3.2,3.4,2.2,64.6
2021-02-04,평일,191856,71.6,28.4,137369,54487,-3.6,0.1,2.5,50.1
2021-02-05,평일,200127,71.5,28.5,143091,57036,1.4,0.0,2.4,71.8
2021-02-06,주말,143071,70.5,29.5,100865,42206,6.8,0.0,2.2,80.4
2021-02-07,주말,104186,70.3,29.7,73243,30943,3.6,0.0,2.9,67.0
2021-02-08,평일,189933,71.4,28.6,135612,54321,-3.1,0.0,3.4,43.6
2021-02-09,평일,195888,71.6,28.4,140256,55632,-0.9,0.0,2.0,51.9
2021-02-10,평일,191878,71.1,28.9,136425,55453,3.4,0.0,2.1,75.1
2021-02-11,주말,91715,69.5,30.5,63742,27973,5.5,0.0,1.3,71.5
2021-02-12,주말,58384,68.3,31.7,39876,18508,6.5,0.0,1.7,60.6
2021-02-13,주말,90423,70.4,29.6,63658,26765,7.6,0.0,1.5,50.6
2021-02-14,주말,94853,70.0,30.0,66397,28456,9.5,0.0,1.7,47.6
2021-02-15,평일,184754,71.5,28.5,132099,52655,1.2,1.4,4.0,65.1
2021-02-16,평일,191679,71.1,28.9,136284,55395,-5.1,1.5,3.2,57.9
2021-02-17,평일,190514,71.3,28.7,135836,54678,-8.3,0.0,5.0,44.1
2021-02-18,평일,193077,71.7,28.3,138436,54641,-5.8,0.0,3.1,44.9
2021-02-19,평일,206139,71.5,28.5,147389,58750,1.6,0.0,2.9,66.9
2021-02-20,주말,155275,71.2,28.8,110556,44719,8.8,0.0,2.1,60.4
2021-02-21,주말,115858,70.6,29.4,81796,34062,10.8,0.0,2.8,66.6
2021-02-22,평일,194329,71.8,28.2,139528,54801,7.8,0.0,2.9,58.3
2021-02-23,평일,197725,72.0,28.0,142362,55363,0.0,0.0,2.9,34.0
2021-02-24,평일,201446,72.1,27.9,145243,56203,2.9,0.0,1.8,33.0
2021-02-25,평일,200683,72.3,27.7,145094,55589,4.2,0.0,1.4,35.1
2021-02-26,평일,212361,71.8,28.2,152475,59886,8.2,0.0,2.3,35.0
2021-02-27,주말,160184,71.3,28.7,114211,45973,9.5,0.0,3.4,48.6
2021-02-28,주말,120253,71.0,29.0,85380,34873,7.8,0.0,2.1,49.0
2021-03-01,주말,97537,69.7,30.3,67983,29554,4.7,67.5,3.5,91.0
2021-03-02,평일,201600,71.8,28.2,144749,56851,2.3,0.1,1.9,75.9
2021-03-03,평일,201789,71.6,28.4,144481,57308,4.4,0.0,1.8,64.4
2021-03-04,평일,203947,71.8,28.2,146434,57513,7.2,0.0,1.9,62.4
2021-03-05,평일,216923,71.5,28.5,155100,61823,9.0,0.0,2.1,70.3
2021-03-06,주말,160426,71.5,28.5,114705,45721,6.6,0.0,3.3,69.5
2021-03-07,주말,120277,71.0,29.0,85397,34880,6.2,0.0,2.8,62.9
2021-03-08,평일,197791,71.6,28.4,141618,56173,7.0,0.0,1.8,60.3
2021-03-09,평일,201875,71.8,28.2,144946,56929,6.6,0.0,2.2,58.5
2021-03-10,평일,204272,71.4,28.6,145850,58422,8.8,0.0,1.8,61.8
2021-03-11,평일,203588,71.8,28.2,146176,57412,10.2,0.0,1.8,50.8
2021-03-12,평일,214582,71.7,28.3,153855,60727,10.5,0.0,2.2,57.0
2021-03-13,주말,163444,71.9,28.1,117516,45928,9.2,0.0,2.2,62.8
2021-03-14,주말,122733,70.9,29.1,87018,35715,9.1,0.0,2.2,71.4
2021-03-15,평일,198426,71.4,28.6,141676,56750,10.6,1.7,2.4,68.8
2021-03-16,평일,202602,71.5,28.5,144860,57742,8.4,1.3,3.2,52.5
2021-03-17,평일,204512,71.9,28.1,147044,57468,8.8,0.0,1.8,44.9
2021-03-18,평일,206842,71.8,28.2,148513,58329,11.7,0.0,1.8,50.1
2021-03-19,평일,219696,71.8,28.2,157742,61954,15.3,0.0,2.2,47.9
2021-03-20,주말,154075,71.2,28.8,109701,44374,9.9,5.1,2.2,74.6
2021-03-21,주말,122445,70.7,29.3,86569,35876,5.8,0.3,4.0,65.9
2021-03-22,평일,199102,71.9,28.1,143154,55948,6.2,0.0,3.2,55.3
2021-03-23,평일,203124,71.5,28.5,145234,57890,9.1,0.0,2.5,63.5
2021-03-24,평일,205609,71.8,28.2,147627,57982,10.8,0.0,2.4,61.5
2021-03-25,평일,208867,71.6,28.4,149549,59318,11.9,0.0,2.2,68.5
2021-03-26,평일,220641,71.8,28.2,158420,62221,12.6,0.0,1.4,58.4
2021-03-27,주말,155934,71.1,28.9,110869,45065,12.1,25.5,2.5,70.9
2021-03-28,주말,117137,70.2,29.8,82230,34907,9.0,9.2,3.3,95.8
2021-03-29,평일,198819,71.4,28.6,141957,56862,10.2,0.2,3.3,62.3
2021-03-30,평일,205120,71.5,28.5,146661,58459,10.8,0.0,2.2,47.3
2021-03-31,평일,208906,71.4,28.6,149159,59747,14.5,0.0,1.8,41.0
2021-04-01,평일,209504,71.4,28.6,149586,59918,17.7,0.0,3.5,33.0
2021-04-02,평일,219680,71.3,28.7,156632,63048,17.8,0.0,3.2,35.6
2021-04-03,주말,145613,70.8,29.2,103094,42519,14.9,56.2,3.1,80.8
2021-04-04,주말,123320,71.1,28.9,87681,35639,11.9,0.6,3.2,65.8
2021-04-05,평일,201690,71.7,28.3,144612,57078,11.9,0.0,2.4,47.9
2021-04-06,평일,205319,71.7,28.3,147214,58105,13.9,0.0,2.5,50.9
2021-04-07,평일,204854,71.8,28.2,147085,57769,14.1,0.0,2.5,47.5
2021-04-08,평일,206863,71.5,28.5,147907,58956,13.0,0.0,2.7,34.0
2021-04-09,평일,218752,71.6,28.4,156626,62126,13.6,0.0,2.7,39.3
2021-04-10,주말,163203,71.5,28.5,116690,46513,12.6,0.0,2.6,50.0
2021-04-11,주말,123384,71.0,29.0,87603,35781,15.0,0.0,1.7,45.4
2021-04-12,평일,195435,71.7,28.3,140127,55308,13.8,22.0,2.4,70.4
2021-04-13,평일,201551,71.9,28.1,144915,56636,10.4,8.0,3.7,74.0
2021-04-14,평일,203871,71.7,28.3,146176,57695,8.4,0.0,2.9,58.5
2021-04-15,평일,204727,71.5,28.5,146380,58347,11.6,0.0,2.1,62.3
2021-04-16,평일,209593,71.7,28.3,150278,59315,11.3,0.7,2.6,60.0
2021-04-17,주말,153592,71.4,28.6,109665,43927,9.6,0.0,2.6,56.6
2021-04-18,주말,118848,71.1,28.9,84501,34347,9.9,0.0,3.2,64.3
2021-04-19,평일,196504,71.4,28.6,140304,56200,12.2,0.0,2.4,65.3
2021-04-20,평일,201639,71.4,28.6,143970,57669,14.8,0.0,1.9,55.1
2021-04-21,평일,203346,71.7,28.3,145799,57547,19.1,0.0,1.8,43.1
2021-04-22,평일,203781,71.7,28.3,146111,57670,20.9,0.0,2.5,37.9
2021-04-23,평일,215093,71.7,28.3,154222,60871,19.0,0.0,3.2,41.4
2021-04-24,주말,158217,71.2,28.8,112651,45566,18.3,0.0,2.7,43.0
2021-04-25,주말,119511,71.0,29.0,84853,34658,18.2,0.0,2.7,50.0
2021-04-26,평일,199127,72.1,27.9,143571,55556,16.2,0.0,2.6,51.8
2021-04-27,평일,201100,71.7,28.3,144189,56911,15.4,1.7,2.3,62.4
2021-04-28,평일,204894,71.8,28.2,147114,57780,14.5,4.7,2.4,64.1
2021-04-29,평일,206124,71.6,28.4,147585,58539,14.6,3.9,2.3,54.1
2021-04-30,평일,214480,71.5,28.5,153353,61127,11.3,26.3,2.4,81.8
2021-05-01,주말,148436,71.1,28.9,105538,42898,10.2,8.0,2.7,80.8
2021-05-02,주말,121553,70.2,29.8,85330,36223,12.4,1.7,3.1,67.9
2021-05-03,평일,200190,71.9,28.1,143937,56253,14.1,0.0,2.1,56.4
2021-05-04,평일,203391,71.6,28.4,145628,57763,13.8,19.6,2.1,82.6
2021-05-05,주말,127878,71.3,28.7,91177,36701,13.9,0.1,3.5,64.4
2021-05-06,평일,204033,71.9,28.1,146700,57333,15.7,0.0,2.4,46.4
2021-05-07,평일,210629,71.8,28.2,151232,59397,14.4,8.8,3.4,60.3
2021-05-08,주말,144948,71.0,29.0,102913,42035,14.3,0.0,3.4,66.1
2021-05-09,주말,121418,71.0,29.0,86207,35211,15.7,0.0,3.5,51.3
2021-05-10,평일,197485,71.9,28.1,141992,55493,13.2,0.0,1.8,67.9
2021-05-11,평일,206499,71.8,28.2,148266,58233,18.5,0.0,2.7,48.9
2021-05-12,평일,209077,72.1,27.9,150745,58332,22.0,0.0,2.2,39.5
2021-05-13,평일,209703,71.5,28.5,149938,59765,22.9,0.0,1.9,54.4
2021-05-14,평일,224040,71.5,28.5,160189,63851,24.1,0.0,1.7,60.3
2021-05-15,주말,159096,71.3,28.7,113435,45661,22.1,15.0,1.7,79.5
2021-05-16,주말,107311,70.0,30.0,75118,32193,18.4,66.9,2.5,97.6
2021-05-17,평일,199066,71.6,28.4,142531,56535,15.3,3.1,1.6,93.0
2021-05-18,평일,218569,71.5,28.5,156277,62292,17.9,0.0,1.7,70.5
2021-05-19,주말,141068,71.5,28.5,100864,40204,19.9,0.0,1.8,52.3
2021-05-20,평일,204434,71.6,28.4,146375,58059,18.7,0.9,2.5,59.8
2021-05-21,평일,215406,71.2,28.8,153369,62037,16.0,6.9,1.7,86.5
2021-05-22,주말,166183,71.5,28.5,118821,47362,18.6,0.2,2.5,69.3
2021-05-23,주말,124385,70.8,29.2,88065,36320,19.5,0.0,1.7,64.4
2021-05-24,평일,202415,71.7,28.3,145132,57283,19.4,0.0,2.7,61.0
2021-05-25,평일,206017,71.5,28.5,147302,58715,15.3,8.3,3.2,72.3
2021-05-26,평일,209668,71.9,28.1,150751,58917,18.0,0.0,2.9,58.5
2021-05-27,평일,204400,71.4,28.6,145942,58458,15.8,8.9,2.8,83.0
2021-05-28,평일,214272,71.4,28.6,152990,61282,15.3,12.3,2.6,86.0
2021-05-29,주말,163397,71.7,28.3,117156,46241,15.4,0.3,2.2,79.8
2021-05-30,주말,127935,70.6,29.4,90322,37613,18.4,18.1,2.1,73.0
2021-05-31,평일,200492,71.9,28.1,144154,56338,19.9,4.0,1.8,78.9
2021-06-01,평일,204105,71.6,28.4,146139,57966,20.2,3.2,2.2,74.6
2021-06-02,평일,205678,71.8,28.2,147677,58001,23.2,0.0,2.1,64.4
2021-06-03,평일,204534,71.5,28.5,146242,58292,19.1,18.1,1.8,80.8
2021-06-04,평일,220965,72.0,28.0,159095,61870,18.5,0.0,2.9,69.4
2021-06-05,주말,167243,71.9,28.1,120248,46995,20.8,0.0,3.3,68.1
2021-06-06,주말,124863,71.6,28.4,89402,35461,23.0,0.0,2.2,69.6
2021-06-07,평일,198723,71.8,28.2,142683,56040,21.1,0.0,1.7,71.5
2021-06-08,평일,205377,71.6,28.4,147050,58327,23.6,0.1,1.7,69.6
2021-06-09,평일,208736,71.8,28.2,149872,58864,25.8,0.0,1.6,59.1
2021-06-10,평일,210416,71.6,28.4,150658,59758,24.9,6.1,2.2,68.5
2021-06-11,평일,216565,71.7,28.3,155277,61288,21.5,4.6,2.8,84.5
2021-06-12,주말,162949,71.6,28.4,116671,46278,24.2,0.0,1.8,74.6
2021-06-13,주말,122666,71.0,29.0,87093,35573,24.8,0.0,2.0,72.6
2021-06-14,평일,203580,72.1,27.9,146781,56799,24.8,0.0,2.1,68.8
2021-06-15,평일,203908,71.7,28.3,146202,57706,22.5,1.9,2.3,79.1
2021-06-16,평일,211399,71.5,28.5,151150,60249,24.3,0.0,3.6,59.9
2021-06-17,평일,212133,71.7,28.3,152099,60034,21.9,0.0,2.4,71.4
2021-06-18,평일,219882,71.6,28.4,157436,62446,20.0,6.3,2.5,92.1
2021-06-19,주말,169069,71.9,28.1,121561,47508,22.3,0.0,1.8,74.0
2021-06-20,주말,126580,70.9,29.1,89745,36835,22.9,0.0,2.8,73.3
2021-06-21,평일,209718,71.7,28.3,150368,59350,23.6,0.0,2.2,67.0
2021-06-22,평일,212145,71.6,28.4,151896,60249,22.8,0.0,2.1,67.9
2021-06-23,평일,214061,72.1,27.9,154338,59723,22.4,7.5,2.4,70.5
2021-06-24,평일,218012,71.7,28.3,156315,61697,23.0,0.0,1.9,71.1
2021-06-25,평일,228969,71.6,28.4,163942,65027,24.1,0.0,2.0,69.0
2021-06-26,주말,164512,71.5,28.5,117626,46886,22.8,4.5,1.8,78.5
2021-06-27,주말,127844,70.7,29.3,90386,37458,24.5,38.2,2.0,72.1
2021-06-28,평일,208544,71.8,28.2,149735,58809,23.7,0.1,1.9,76.4
2021-06-29,평일,213041,71.8,28.2,152963,60078,23.9,8.0,1.8,78.6
2021-06-30,평일,214790,71.9,28.1,154434,60356,24.3,6.0,1.3,77.9
2021-07-01,평일,217240,71.9,28.1,156196,61044,26.3,0.0,1.8,70.9
2021-07-02,평일,228245,71.8,28.2,163880,64365,27.1,0.0,2.3,64.1
2021-07-03,주말,156784,71.3,28.7,111787,44997,22.6,60.0,3.6,80.0
2021-07-04,주말,113291,70.8,29.2,80210,33081,21.4,21.4,2.3,96.8
2021-07-05,평일,212064,72.2,27.8,153110,58954,23.3,0.0,1.4,80.3
2021-07-06,평일,216552,72.2,27.8,156351,60201,25.3,0.0,1.6,73.4
2021-07-07,평일,207277,71.7,28.3,148618,58659,26.4,12.7,1.5,78.5
2021-07-08,평일,201223,71.6,28.4,144076,57147,26.0,2.9,2.0,81.6
2021-07-09,평일,205933,71.4,28.6,147036,58897,25.5,0.0,1.9,77.3
2021-07-10,주말,139755,70.9,29.1,99086,40669,25.9,0.5,2.4,80.4
2021-07-11,주말,102258,70.2,29.8,71785,30473,25.7,0.4,2.2,86.8
2021-07-12,평일,177700,71.2,28.8,126522,51178,28.1,0.0,1.6,75.1
2021-07-13,평일,177148,71.2,28.8,126129,51019,28.8,0.0,1.7,76.1
2021-07-14,평일,176288,71.4,28.6,125870,50418,29.7,0.0,2.2,71.4
2021-07-15,평일,173359,71.5,28.5,123952,49407,29.1,0.0,2.1,71.1
2021-07-16,평일,184227,71.3,28.7,131354,52873,28.8,0.0,2.2,68.4
2021-07-17,주말,129433,70.9,29.1,91768,37665,29.1,0.0,2.3,63.1
2021-07-18,주말,95680,69.7,30.3,66689,28991,29.6,0.0,2.1,62.5
2021-07-19,평일,175156,71.5,28.5,125237,49919,26.4,67.4,1.9,80.1
2021-07-20,평일,179214,71.5,28.5,128138,51076,27.9,0.0,1.5,75.8
2021-07-21,평일,178804,71.7,28.3,128202,50602,30.5,0.0,1.7,64.0
2021-07-22,평일,178157,71.7,28.3,127739,50418,31.2,0.0,2.0,59.8
2021-07-23,평일,187289,71.4,28.6,133724,53565,31.2,0.0,1.8,61.8
2021-07-24,주말,128883,70.5,29.5,90863,38020,31.7,0.0,1.7,57.4
2021-07-25,주말,95184,69.9,30.1,66534,28650,31.5,0.0,2.0,55.8
2021-07-26,평일,177394,71.2,28.8,126305,51089,31.2,0.0,2.4,54.9
2021-07-27,평일,177202,71.8,28.2,127231,49971,31.1,0.0,2.1,60.5
2021-07-28,평일,177501,71.4,28.6,126736,50765,30.4,0.0,1.9,67.4
2021-07-29,평일,177190,71.5,28.5,126691,50499,29.6,0.0,2.0,69.9
2021-07-30,평일,185460,71.4,28.6,132418,53042,30.5,0.0,2.1,63.1
2021-07-31,주말,128154,70.6,29.4,90477,37677,29.8,3.0,2.5,69.9
2021-08-01,주말,94981,69.6,30.4,66107,28874,27.1,21.0,1.3,81.8
2021-08-02,평일,173465,71.9,28.1,124721,48744,26.5,1.7,1.6,82.6
2021-08-03,평일,175484,71.6,28.4,125647,49837,28.0,0.0,1.8,76.9
2021-08-04,평일,177228,71.5,28.5,126718,50510,28.9,0.0,2.0,70.6
2021-08-05,평일,178454,71.5,28.5,127595,50859,29.4,0.0,2.1,68.1
2021-08-06,평일,185364,71.4,28.6,132350,53014,28.1,0.0,2.1,68.4
2021-08-07,주말,135515,70.9,29.1,96080,39435,28.0,0.0,2.1,65.0
2021-08-08,주말,98929,70.0,30.0,69250,29679,26.8,12.7,1.7,74.8
2021-08-09,평일,182059,71.8,28.2,130718,51341,28.3,0.0,2.3,62.4
2021-08-10,평일,184858,71.5,28.5,132173,52685,27.7,0.0,2.3,62.5
2021-08-11,평일,184385,71.4,28.6,131651,52734,27.4,0.0,2.0,70.3
2021-08-12,평일,184505,71.5,28.5,131921,52584,26.8,0.0,1.8,67.1
2021-08-13,평일,191547,71.6,28.4,137148,54399,26.6,0.0,2.0,70.4
2021-08-14,주말,137602,71.5,28.5,98385,39217,26.1,0.0,3.0,63.9
2021-08-15,주말,103754,70.6,29.4,73250,30504,26.9,0.0,2.3,59.6
2021-08-16,주말,125018,71.2,28.8,89013,36005,27.3,0.0,2.3,61.1
2021-08-17,평일,188150,71.3,28.7,134151,53999,25.9,9.3,2.4,65.0
2021-08-18,평일,186206,71.5,28.5,133137,53069,24.3,5.6,2.8,69.6
2021-08-19,평일,188936,71.5,28.5,135089,53847,26.0,0.0,2.6,57.1
2021-08-20,평일,196912,71.5,28.5,140792,56120,26.6,0.0,2.3,63.6
2021-08-21,주말,130016,71.1,28.9,92441,37575,23.8,62.8,2.7,88.1
2021-08-22,주말,109443,70.3,29.7,76938,32505,24.4,0.0,2.1,81.5
2021-08-23,평일,185583,71.6,28.4,132877,52706,22.4,7.4,2.0,89.3
2021-08-24,평일,186503,71.2,28.8,132790,53713,23.4,10.5,2.9,93.6
2021-08-25,평일,192278,71.4,28.6,137286,54992,25.0,0.3,1.8,85.5
2021-08-26,평일,192989,71.2,28.8,137408,55581,25.5,0.7,2.5,84.9
2021-08-27,평일,197992,71.0,29.0,140574,57418,22.4,0.9,1.3,83.5
2021-08-28,주말,148975,71.3,28.7,106219,42756,23.6,0.0,1.8,80.4
2021-08-29,주말,111894,70.2,29.8,78550,33344,23.7,0.9,1.6,82.6
2021-08-30,평일,190269,70.8,29.2,134710,55559,24.2,0.0,1.4,77.5
2021-08-31,평일,186522,70.9,29.1,132244,54278,20.5,77.4,2.3,93.3
2021-09-01,평일,192672,71.3,28.7,137375,55297,21.4,0.8,2.9,83.1
2021-09-02,평일,192321,71.2,28.8,136933,55388,23.5,0.0,2.1,70.3
2021-09-03,평일,205624,71.1,28.9,146199,59425,24.3,0.0,2.4,60.3
2021-09-04,주말,155004,71.2,28.8,110363,44641,23.2,0.0,2.7,57.0
2021-09-05,주말,116398,70.5,29.5,82061,34337,23.1,0.0,3.2,61.1
2021-09-06,평일,195180,71.5,28.5,139554,55626,22.3,12.0,3.2,70.1
2021-09-07,평일,187542,71.3,28.7,133717,53825,19.6,29.6,2.3,98.1
2021-09-08,평일,198438,71.0,29.0,140891,57547,22.2,1.6,1.7,81.3
2021-09-09,평일,198652,71.2,28.8,141440,57212,23.5,0.0,1.5,76.5
2021-09-10,평일,208905,71.6,28.4,149576,59329,23.6,0.0,1.9,76.0
2021-09-11,주말,158426,71.2,28.8,112799,45627,24.0,0.0,1.7,73.1
2021-09-12,주말,119883,70.8,29.2,84877,35006,24.2,0.0,1.8,64.6
2021-09-13,평일,197017,71.5,28.5,140867,56150,24.8,0.0,2.4,67.1
2021-09-14,평일,200149,71.6,28.4,143307,56842,24.6,0.0,2.6,63.3
2021-09-15,평일,205246,71.4,28.6,146546,58700,23.6,0.0,3.6,57.5
2021-09-16,평일,206149,71.3,28.7,146984,59165,22.9,0.0,2.6,61.1
2021-09-17,평일,208977,71.3,28.7,149001,59976,23.5,0.0,3.0,61.4
2021-09-18,주말,144030,70.6,29.4,101685,42345,23.9,0.0,1.6,65.1
2021-09-19,주말,105829,70.3,29.7,74398,31431,23.7,0.0,1.9,62.9
2021-09-20,주말,87235,69.4,30.6,60541,26694,23.7,0.0,2.7,63.6
2021-09-21,주말,64147,69.2,30.8,44390,19757,22.0,68.1,2.9,85.1
2021-09-22,주말,96426,69.8,30.2,67305,29121,20.2,4.5,2.7,79.0
2021-09-23,평일,186945,71.3,28.7,133292,53653,20.9,0.0,2.4,67.3
2021-09-24,평일,200673,71.6,28.4,143682,56991,21.8,0.0,2.2,67.5
2021-09-25,주말,152501,71.1,28.9,108428,44073,21.2,0.0,2.3,72.6
2021-09-26,주말,116341,70.4,29.6,81904,34437,22.6,0.0,2.3,63.0
2021-09-27,평일,195602,71.3,28.7,139464,56138,21.6,0.0,2.4,66.0
2021-09-28,평일,197942,71.0,29.0,140539,57403,21.5,1.3,2.2,75.1
2021-09-29,평일,195167,71.2,28.8,138959,56208,20.2,13.1,1.7,93.5
2021-09-30,평일,204031,71.5,28.5,145882,58149,20.3,0.0,1.5,83.9
2021-10-01,평일,214691,71.4,28.6,153289,61402,21.1,13.3,2.4,75.8
2021-10-02,주말,158102,71.1,28.9,112411,45691,20.7,0.0,1.6,77.1
2021-10-03,주말,120147,70.5,29.5,84704,35443,22.3,0.0,1.9,69.5
2021-10-04,주말,129263,70.8,29.2,91518,37745,22.9,3.6,2.9,81.0
2021-10-05,평일,201631,71.4,28.6,143965,57666,23.6,0.0,3.3,82.4
2021-10-06,평일,199620,71.1,28.9,141930,57690,18.8,6.4,2.8,91.5
2021-10-07,평일,203117,71.5,28.5,145229,57888,19.4,4.6,1.9,85.5
2021-10-08,평일,213881,71.4,28.6,152711,61170,18.8,3.5,1.7,91.3
2021-10-09,주말,149033,70.8,29.2,105515,43518,20.9,0.4,2.3,83.5
2021-10-10,주말,113943,69.9,30.1,79646,34297,19.9,14.2,2.2,89.0
2021-10-11,주말,135858,70.8,29.2,96187,39671,15.2,0.3,2.2,78.6
2021-10-12,평일,203236,71.3,28.7,144907,58329,17.9,0.0,3.3,67.1
2021-10-13,평일,206070,71.3,28.7,146928,59142,19.6,0.0,2.4,66.6
2021-10-14,평일,205914,71.1,28.9,146405,59509,19.7,0.0,2.0,73.6
2021-10-15,평일,214568,71.4,28.6,153202,61366,19.0,0.0,2.1,74.4
2021-10-16,주말,164078,70.5,29.5,115675,48403,10.7,0.0,3.4,47.5
2021-10-17,주말,119959,70.2,29.8,84211,35748,5.6,0.0,2.9,37.4
2021-10-18,평일,198169,71.3,28.7,141294,56875,9.6,5.6,2.0,60.4
2021-10-19,평일,200462,71.3,28.7,142929,57533,10.9,4.4,2.4,72.8
2021-10-20,평일,205568,71.0,29.0,145953,59615,9.5,0.0,1.7,64.9
2021-10-21,평일,207244,71.1,28.9,147350,59894,9.8,0.0,1.7,64.1
2021-10-22,평일,218536,71.3,28.7,155816,62720,10.8,0.0,1.8,58.4
2021-10-23,주말,169864,71.2,28.8,120943,48921,11.4,0.0,1.6,57.3
2021-10-24,주말,127918,70.0,30.0,89543,38375,11.4,0.0,1.7,63.1
2021-10-25,평일,205403,71.2,28.8,146247,59156,11.7,0.0,1.9,64.5
2021-10-26,평일,209551,70.9,29.1,148572,60979,13.0,0.0,1.7,74.5
2021-10-27,평일,212815,71.4,28.6,151950,60865,13.4,0.0,2.2,63.4
2021-10-28,평일,213199,71.3,28.7,152011,61188,12.7,0.0,1.4,54.6
2021-10-29,평일,222982,71.3,28.7,158986,63996,14.6,0.0,2.0,55.9
2021-10-30,주말,174303,71.1,28.9,123929,50374,13.8,0.0,1.6,62.4
2021-10-31,주말,132963,70.5,29.5,93739,39224,14.1,0.7,1.6,73.3
2021-11-01,평일,208300,71.7,28.3,149351,58949,12.9,0.0,1.9,77.3
2021-11-02,평일,214081,71.1,28.9,152212,61869,11.5,0.0,1.7,76.6
2021-11-03,평일,217087,71.5,28.5,155217,61870,12.1,0.0,1.5,71.1
2021-11-04,평일,217796,71.3,28.7,155289,62507,12.1,0.0,1.3,80.4
2021-11-05,평일,229829,71.3,28.7,163868,65961,13.0,0.0,1.5,68.5
2021-11-06,주말,180552,71.3,28.7,128734,51818,14.1,0.0,1.6,61.1
2021-11-07,주말,138574,70.9,29.1,98249,40325,15.3,0.0,2.1,57.5
2021-11-08,평일,203135,71.1,28.9,144429,58706,8.6,25.7,3.2,82.1
2021-11-09,평일,211516,71.0,29.0,150176,61340,4.9,2.0,2.4,80.3
2021-11-10,평일,220202,71.1,28.9,156564,63638,4.2,0.3,2.5,73.4
2021-11-11,평일,219418,71.0,29.0,155787,63631,5.3,0.0,2.9,60.6
2021-11-12,평일,228928,71.2,28.8,162997,65931,4.5,0.0,2.6,55.4
2021-11-13,주말,178234,71.1,28.9,126724,51510,7.3,0.0,1.5,66.1
2021-11-14,주말,134629,70.4,29.6,94779,39850,11.3,0.0,2.2,69.8
2021-11-15,평일,208055,71.3,28.7,148343,59712,10.1,0.0,1.6,71.3
2021-11-16,평일,213731,71.3,28.7,152390,61341,8.5,0.0,1.9,65.5
2021-11-17,평일,219095,71.5,28.5,156653,62442,7.5,0.0,1.6,64.1
2021-11-18,평일,217719,71.4,28.6,155451,62268,11.9,0.0,2.4,70.8
2021-11-19,평일,229109,71.3,28.7,163355,65754,12.9,0.0,1.9,84.8
2021-11-20,주말,177677,71.2,28.8,126506,51171,10.4,0.0,1.6,77.0
2021-11-21,주말,133002,70.5,29.5,93766,39236,10.4,5.9,1.9,74.4
2021-11-22,평일,214613,71.5,28.5,153448,61165,2.7,1.3,4.1,61.8
2021-11-23,평일,217875,71.2,28.8,155127,62748,-0.6,0.0,3.2,60.9
2021-11-24,평일,221053,71.6,28.4,158274,62779,4.1,0.0,1.9,64.3
2021-11-25,평일,225638,71.3,28.7,160880,64758,5.7,0.0,2.2,55.0
2021-11-26,평일,234431,71.5,28.5,167618,66813,2.9,0.0,2.2,57.5
2021-11-27,주말,177594,71.0,29.0,126092,51502,3.4,0.0,1.6,53.0
2021-11-28,주말,134064,70.2,29.8,94113,39951,5.1,0.0,1.5,52.4
2021-11-29,평일,215763,71.6,28.4,154486,61277,7.6,0.0,1.6,62.0
2021-11-30,평일,209220,71.3,28.7,149174,60046,5.7,27.2,3.7,80.4
2021-12-01,평일,216311,71.5,28.5,154662,61649,-1.3,0.0,4.2,51.8
2021-12-02,평일,215131,71.5,28.5,153819,61312,1.3,0.1,2.1,68.9
2021-12-03,평일,227255,71.4,28.6,162260,64995,1.9,0.4,2.9,53.3
2021-12-04,주말,167868,70.9,29.1,119018,48850,1.4,0.0,2.0,48.5
2021-12-05,주말,125666,70.4,29.6,88469,37197,2.9,0.0,1.4,50.4
2021-12-06,평일,206317,71.6,28.4,147723,58594,5.4,0.0,1.6,61.4
2021-12-07,평일,208731,71.4,28.6,149034,59697,6.8,0.0,1.2,68.3
2021-12-08,평일,209785,71.6,28.4,150206,59579,6.7,0.0,1.5,70.0
2021-12-09,평일,209561,71.3,28.7,149417,60144,6.5,0.0,2.2,70.3
2021-12-10,평일,219805,71.8,28.2,157820,61985,7.0,0.7,2.1,81.5
2021-12-11,주말,162786,71.4,28.6,116229,46557,6.0,0.0,1.4,83.6
2021-12-12,주말,122250,70.0,30.0,85575,36675,1.2,0.0,3.2,61.8
2021-12-13,평일,199245,71.6,28.4,142659,56586,-2.2,0.0,2.3,43.8
2021-12-14,평일,206389,71.9,28.1,148394,57995,3.7,1.2,2.0,64.9
2021-12-15,평일,209564,71.8,28.2,150467,59097,7.2,2.1,1.7,84.8
2021-12-16,평일,210793,71.6,28.4,150928,59865,6.4,0.0,1.8,71.6
2021-12-17,평일,219900,71.6,28.4,157448,62452,-5.6,0.0,4.6,50.5
2021-12-18,주말,170472,70.8,29.2,120694,49778,-5.7,2.8,2.0,64.1
2021-12-19,주말,125328,70.4,29.6,88231,37097,-0.8,0.2,2.0,63.8
2021-12-20,평일,205508,71.7,28.3,147349,58159,5.2,0.0,2.1,77.9
2021-12-21,평일,210549,71.6,28.4,150753,59796,5.2,0.0,2.0,70.9
2021-12-22,평일,216587,71.6,28.4,155076,61511,2.2,0.0,1.7,47.4
2021-12-23,평일,218653,71.7,28.3,156774,61879,2.7,0.0,1.4,53.5
2021-12-24,평일,222664,71.5,28.5,159205,63459,-0.3,0.2,2.6,65.3
2021-12-25,주말,126100,70.4,29.6,88774,37326,-11.7,0.0,3.9,42.4
2021-12-26,주말,112832,69.6,30.4,78531,34301,-12.1,0.0,3.1,43.5
2021-12-27,평일,198823,71.4,28.6,141960,56863,-7.6,0.0,1.7,60.9
2021-12-28,평일,206616,71.5,28.5,147730,58886,-4.1,0.0,2.2,73.8
2021-12-29,평일,210841,71.3,28.7,150330,60511,0.4,0.2,2.6,72.9
2021-12-30,평일,207561,71.6,28.4,148614,58947,-3.9,0.0,3.3,48.5
2021-12-31,평일,199094,71.4,28.6,142153,56941,-6.7,0.0,3.5,35.9
